{
    "cycles_program_begin": 203605792154104,
    "LVLData": [
        "SIM"
    ],
    "stat": {
        "ru_self_cgstart": {
            "ru_nivcsw": 56,
            "ru_nvcsw": 24,
            "ru_utime_sec": 3.0880000000000001,
            "ru_majflt": 0,
            "ru_stime_sec": 0.12,
            "ru_maxrss_kb": 173436,
            "ru_minflt": 22337
        },
        "peak_mem_kb": 317808,
        "outputSizePerQuad": 64.063120663855258,
        "ru_childs_cgstart": {
            "ru_nivcsw": 5,
            "ru_nvcsw": 17,
            "ru_utime_sec": 0.0040000000000000001,
            "ru_majflt": 0,
            "ru_stime_sec": 0.0040000000000000001,
            "ru_maxrss_kb": 78956,
            "ru_minflt": 3789
        },
        "nMops": 228065,
        "mop/quad": 2.8204573280073211,
        "cpu_cycles_cgstart": 203615081661200,
        "nQuads": 80861,
        "quadSpeed": 71431.978798586628,
        "ru_self_end": {
            "ru_nivcsw": 58,
            "ru_nvcsw": 25,
            "ru_utime_sec": 4.2199999999999998,
            "ru_majflt": 0,
            "ru_stime_sec": 0.16400000000000001,
            "ru_maxrss_kb": 177916,
            "ru_minflt": 34340
        },
        "ru_childs_end": {
            "ru_nivcsw": 7,
            "ru_nvcsw": 18,
            "ru_utime_sec": 0.0040000000000000001,
            "ru_majflt": 0,
            "ru_stime_sec": 0.0040000000000000001,
            "ru_maxrss_kb": 79348,
            "ru_minflt": 3993
        },
        "totalObjSize": 5180208,
        "cpu_cycles_end": 203618380103448,
        "Frontend(%)": 73.200757575757578,
        "cpu_cycles_total": 12587949344,
        "mopSpeed": 201470.84805653724,
        "CodeGen(%)": 26.799242424242408,
        "realTime": 4.4971230030059814
    },
    "PrevCompiledModules": {
        "my_if_p2fr": {
            "y85FU_d": {
                "out": "y85FU_d.o",
                "bytes": 11584,
                "mod": "my_if_p2fr",
                "mode": 4,
                "checksum": 0,
                "archive": "archive.32/_prev_archive_1.a"
            }
        },
        "top_tb": {
            "W0eJz_d": {
                "out": "W0eJz_d.o",
                "bytes": 18286,
                "mod": "top_tb",
                "mode": 4,
                "checksum": 0,
                "archive": "archive.32/_prev_archive_1.a"
            }
        },
        "uvm_pkg": {
            "zr7M1_d": {
                "out": "zr7M1_d.o",
                "bytes": 3387680,
                "mod": "uvm_pkg",
                "mode": 4,
                "checksum": 0,
                "archive": "archive.32/_prev_archive_1.a"
            }
        },
        "my_if_f2p": {
            "Qm9H0_d": {
                "out": "Qm9H0_d.o",
                "bytes": 12074,
                "mod": "my_if_f2p",
                "mode": 4,
                "checksum": 0,
                "archive": "archive.32/_prev_archive_1.a"
            }
        },
        "vcs_paramclassrepository": {
            "hEeZs_d": {
                "out": "hEeZs_d.o",
                "bytes": 4846302,
                "mod": "vcs_paramclassrepository",
                "mode": 4,
                "checksum": 0,
                "archive": "archive.32/_57618_archive_1.a"
            }
        },
        "std": {
            "reYIK_d": {
                "out": "reYIK_d.o",
                "bytes": 36562,
                "mod": "std",
                "mode": 4,
                "checksum": 0,
                "archive": "archive.32/_prev_archive_1.a"
            }
        },
        "...MASTER...": {
            "amcQw_d": {
                "out": "objs/amcQw_d.o",
                "bytes": 8322,
                "mod": "...MASTER...",
                "mode": 4,
                "checksum": 0
            }
        },
        "pam_map": {
            "vT8Hd_d": {
                "out": "vT8Hd_d.o",
                "bytes": 34602,
                "mod": "pam_map",
                "mode": 4,
                "checksum": 0,
                "archive": "archive.32/_prev_archive_1.a"
            }
        },
        "_vcs_unit__2865831673": {
            "SsizH_d": {
                "out": "SsizH_d.o",
                "bytes": 100684,
                "mod": "_vcs_unit__2865831673",
                "mode": 4,
                "checksum": 0,
                "archive": "archive.32/_prev_archive_1.a"
            }
        }
    },
    "perf": [
        {
            "stat": [
                "main",
                "entry",
                0.014256954193115234,
                0.02,
                0.012,
                214272,
                214272,
                0.0,
                0.0,
                1608967681.4720891,
                203605792331902
            ],
            "sub": [
                {
                    "stat": [
                        "doParsingAndDesignResolution",
                        "entry",
                        0.12939882278442383,
                        0.024,
                        0.016,
                        253656,
                        254456,
                        0.0,
                        0.0,
                        1608967681.5872309,
                        203606115631891
                    ],
                    "sub": []
                },
                {
                    "stat": [
                        "doParsingAndDesignResolution",
                        "exit",
                        1.1299448013305664,
                        0.94399999999999995,
                        0.091999999999999998,
                        291940,
                        292588,
                        0.0,
                        0.0,
                        1608967682.5877769,
                        203608925211577
                    ],
                    "sub": []
                },
                {
                    "stat": [
                        "doPostDesignResolutionToVir2Vcs",
                        "entry",
                        1.1470417976379395,
                        0.95999999999999996,
                        0.091999999999999998,
                        291940,
                        292588,
                        0.0,
                        0.0,
                        1608967682.6048739,
                        203608973204299
                    ],
                    "sub": [
                        {
                            "stat": [
                                "doUptoVir2VcsNoSepCleanup",
                                "entry",
                                1.6569068431854248,
                                1.468,
                                0.096000000000000002,
                                293132,
                                293136,
                                0.0,
                                0.0,
                                1608967683.1147389,
                                203610404924803
                            ],
                            "sub": []
                        },
                        {
                            "stat": [
                                "doUptoVir2VcsNoSepCleanup",
                                "exit",
                                3.1164979934692383,
                                2.9079999999999999,
                                0.112,
                                301712,
                                317808,
                                0.0,
                                0.0,
                                1608967684.5743301,
                                203614503452711
                            ],