{
    "rlimit": {
        "data": -1,
        "stack": -1
    },
    "perf": [
        {
            "stat": [
                "main",
                "entry",
                0.014260053634643555,
                0.02,
                0.012,
                214272,
                214272,
                0.0,
                0.0,
                1608968095.0559521,
                204767136993738
            ],
            "sub": [
                {
                    "stat": [
                        "doParsingAndDesignResolution",
                        "entry",
                        0.13248586654663086,
                        0.02,
                        0.02,
                        253656,
                        254456,
                        0.0,
                        0.0,
                        1608968095.1741779,
                        204767468958613
                    ],
                    "sub": []
                },
                {
                    "stat": [
                        "doParsingAndDesignResolution",
                        "exit",
                        1.1487560272216797,
                        0.97599999999999998,
                        0.080000000000000002,
                        291940,
                        292588,
                        0.0,
                        0.0,
                        1608968096.190448,
                        204770322681684
                    ],
                    "sub": []
                },
                {
                    "stat": [
                        "doPostDesignResolutionToVir2Vcs",
                        "entry",
                        1.1660330295562744,
                        0.99199999999999999,
                        0.080000000000000002,
                        291940,
                        292588,
                        0.0,
                        0.0,
                        1608968096.207725,
                        204770371179687
                    ],
                    "sub": [
                        {
                            "stat": [
                                "doUptoVir2VcsNoSepCleanup",
                                "entry",
                                1.7413959503173828,
                                1.5640000000000001,
                                0.084000000000000005,
                                293196,
                                293200,
                                0.0,
                                0.0,
                                1608968096.783088,
                                204771986825550
                            ],
                            "sub": []
                        },
                        {
                            "stat": [
                                "doUptoVir2VcsNoSepCleanup",
                                "exit",
                                3.2075569629669189,
                                3.02,
                                0.096000000000000002,
                                301720,
                                317812,
                                0.0,
                                0.0,
                                1608968098.249249,
                                204776103806966
                            ],
                            "sub": []
                        },
                        {
                            "stat": [
                                "doRadify_vir2vcsAll",
                                "entry",
                                3.2076170444488525,
                                3.02,
                                0.096000000000000002,
                                301720,
                                317812,
                                0.0,
                                0.0,
                                1608968098.2493091,
                                204776103891606
                            ],
                            "sub": []
                        },
                        {
                            "stat": [
                                "doRadify_vir2vcsAll",
                                "exit",
                                3.372175931930542,
                                3.1800000000000002,
                                0.10000000000000001,
                                316764,
                                317812,
                                0.0,
                                0.0,
                                1608968098.413868,
                                204776566158717
                            ],
                            "sub": []
                        }
                    ]
                },
                {
                    "stat": [
                        "doPostDesignResolutionToVir2Vcs",
                        "exit",
                        3.3722579479217529,
                        3.1800000000000002,
                        0.10000000000000001,
                        316764,
                        317812,
                        0.0,
                        0.0,
                        1608968098.41395,
                        204776566203897
                    ],
                    "sub": []
                },
                {
                    "stat": [
                        "doGAToPass2",
                        "entry",
                        3.3722710609436035,
                        3.1800000000000002,
                        0.10000000000000001,
                        316764,
                        317812,
                        0.0,
                        0.0,
                        1608968098.4139631,
                        204776566236923
                    ],
                    "sub": [
                        {
                            "stat": [
                                "DoPass2",
                                "entry",
                                3.4040570259094238,
                                3.1920000000000002,
                                0.10000000000000001,
                                309624,
                                317812,
                                0.0040000000000000001,
                                0.0040000000000000001,
                                1608968098.445749,
                                204776655582749
                            ],
                            "sub": []
                        },
                        {
                            "stat": [
                                "DoPass2",
                                "exit",
                                5.3336820602416992,
                                5.0880000000000001,
                                0.128,
                                314528,
                                317812,
                                0.0040000000000000001,
                                0.0040000000000000001,
                                1608968100.3753741,
                                204782073921131
                            ],
                            "sub": []
                        }
                    ]
                },
                {
                    "stat": [
                        "doGAToPass2",
                        "exit",
                        5.339108943939209,
                        5.0960000000000001,
                        0.128,
                        314504,
                        317812,
                        0.0040000000000000001,
                        0.0040000000000000001,
                        1608968100.380801,
                        204782089161408
                    ],