{
    "cycles_program_begin": 28846324891836,
    "LVLData": [
        "SIM"
    ],
    "PEModules": [],
    "cpu_cycles_pass2_start": 28846829387923,
    "perf": [
        {
            "stat": [
                "main",
                "entry",
                0.013832807540893555,
                0.028000000000000001,
                0.016,
                214240,
                214240,
                0.0,
                0.0,
                1608433998.5753839,
                28846325071231
            ],
            "sub": [
                {
                    "stat": [
                        "doParsingAndDesignResolution",
                        "entry",
                        0.14816880226135254,
                        0.032000000000000001,
                        0.024,
                        253604,
                        254404,
                        0.0,
                        0.0,
                        1608433998.7097199,
                        28846702502339
                    ],
                    "sub": []
                },
                {
                    "stat": [
                        "doParsingAndDesignResolution",
                        "exit",
                        0.15580201148986816,
                        0.035999999999999997,
                        0.028000000000000001,
                        254396,
                        255044,
                        0.0,
                        0.0,
                        1608433998.7173531,
                        28846723754489
                    ],
                    "sub": []
                },
                {
                    "stat": [
                        "doPostDesignResolutionToVir2Vcs",
                        "entry",
                        0.15656590461730957,
                        0.035999999999999997,
                        0.028000000000000001,
                        254532,
                        255044,
                        0.0,
                        0.0,
                        1608433998.718117,
                        28846725882618
                    ],
                    "sub": [
                        {
                            "stat": [
                                "doUptoVir2VcsNoSepCleanup",
                                "entry",
                                0.15903091430664062,
                                0.035999999999999997,
                                0.032000000000000001,
                                255680,
                                255684,
                                0.0,
                                0.0,
                                1608433998.720582,
                                28846732748911
                            ],
                            "sub": []
                        },
                        {
                            "stat": [
                                "doUptoVir2VcsNoSepCleanup",
                                "exit",
                                0.17298984527587891,
                                0.043999999999999997,
                                0.040000000000000001,
                                256784,
                                269376,
                                0.0,
                                0.0,
                                1608433998.7345409,
                                28846772008888
                            ],
                            "sub": []
                        },
                        {
                            "stat": [
                                "doRadify_vir2vcsAll",
                                "entry",
                                0.17306184768676758,
                                0.043999999999999997,
                                0.040000000000000001,
                                256784,
                                269376,
                                0.0,
                                0.0,
                                1608433998.7346129,
                                28846772291923
                            ],
                            "sub": []
                        },
                        {
                            "stat": [
                                "doRadify_vir2vcsAll",
                                "exit",
                                0.17589282989501953,
                                0.043999999999999997,
                                0.040000000000000001,
                                256944,
                                269376,
                                0.0,
                                0.0,
                                1608433998.7374439,
                                28846780137709
                            ],
                            "sub": []
                        }
                    ]
                },
                {
                    "stat": [
                        "doPostDesignResolutionToVir2Vcs",
                        "exit",
                        0.17593002319335938,
                        0.043999999999999997,
                        0.040000000000000001,
                        256944,
                        269376,
                        0.0,
                        0.0,
                        1608433998.7374811,
                        28846780176039
                    ],
                    "sub": []
                },
                {
                    "stat": [
                        "doGAToPass2",
                        "entry",
                        0.17594099044799805,
                        0.043999999999999997,
                        0.040000000000000001,
                        256944,
                        269376,
                        0.0,
                        0.0,
                        1608433998.7374921,
                        28846780205091
                    ],
                    "sub": [
                        {
                            "stat": [
                                "DoPass2",
                                "entry",
                                0.1934359073638916,
                                0.043999999999999997,
                                0.043999999999999997,
                                255520,
                                269376,
                                0.0080000000000000002,
                                0.0,
                                1608433998.754987,
                                28846829378352
                            ],
                            "sub": []
                        },
                        {
                            "stat": [
                                "DoPass2",
                                "exit",
                                0.22754001617431641,
                                0.071999999999999995,
                                0.048000000000000001,
                                263796,
                                269376,
                                0.0080000000000000002,
                                0.0,
                                1608433998.7890911,
                                28846925132348
                            ],
                            "sub": []
                        }
                    ]
                },
                {
                    "stat": [
                        "doGAToPass2",
                        "exit",
                        0.22962689399719238,
                        0.071999999999999995,
                        0.048000000000000001,
                        263772,
                        269376,
                        0.0080000000000000002,
                        0.0,
                        1608433998.791178,
                        28846931107427
                    ],