{
    "cycles_program_begin": 13085732558499,
    "Misc": {
        "vcs_version": "O-2018.09-SP2_Full64",
        "vcs_build_date": "Build Date = Feb 28 2019 22:34:30",
        "master_pid": 10576,
        "VCS_HOME": "/home/eda/synopsys/vcs_2018",
        "csrc": "csrc",
        "hostname": "",
        "cwd": "/home/eda/feifan/vlc_plat/PAM/Senter/Add_Head_Frame/sim",
        "csrc_abs": "/home/eda/feifan/vlc_plat/PAM/Senter/Add_Head_Frame/sim/csrc",
        "daidir": "simv.daidir",
        "daidir_abs": "/home/eda/feifan/vlc_plat/PAM/Senter/Add_Head_Frame/sim/simv.daidir",
        "default_output_dir": "csrc",
        "archive_dir": "archive.7"
    },
    "stat": {
        "totalObjSize": 136102,
        "mop/quad": 2.1928079571537875,
        "ru_self_cgstart": {
            "ru_maxrss_kb": 107756,
            "ru_utime_sec": 0.040000000000000001,
            "ru_nvcsw": 22,
            "ru_majflt": 0,
            "ru_stime_sec": 0.024,
            "ru_minflt": 6709,
            "ru_nivcsw": 7
        },
        "ru_childs_end": {
            "ru_maxrss_kb": 24796,
            "ru_utime_sec": 0.0080000000000000002,
            "ru_nvcsw": 19,
            "ru_majflt": 0,
            "ru_stime_sec": 0.0,
            "ru_minflt": 3991,
            "ru_nivcsw": 9
        },
        "peak_mem_kb": 269596,
        "mopSpeed": 119416.66666666663,
        "cpu_cycles_cgstart": 13086244034757,
        "ru_childs_cgstart": {
            "ru_maxrss_kb": 24392,
            "ru_utime_sec": 0.0080000000000000002,
            "ru_nvcsw": 18,
            "ru_majflt": 0,
            "ru_stime_sec": 0.0,
            "ru_minflt": 3789,
            "ru_nivcsw": 7
        },
        "cpu_cycles_end": 13086336451124,
        "nMops": 2866,
        "quadSpeed": 54458.333333333314,
        "nQuads": 1307,
        "Frontend(%)": 66.666666666666657,
        "outputSizePerQuad": 104.13312930374904,
        "ru_self_end": {
            "ru_maxrss_kb": 119036,
            "ru_utime_sec": 0.064000000000000001,
            "ru_nvcsw": 23,
            "ru_majflt": 0,
            "ru_stime_sec": 0.032000000000000001,
            "ru_minflt": 9090,
            "ru_nivcsw": 9
        },
        "cpu_cycles_total": 603892625,
        "CodeGen(%)": 33.333333333333343,
        "realTime": 0.22884416580200195
    },
    "perf": [
        {
            "stat": [
                "main",
                "entry",
                0.013801097869873047,
                0.02,
                0.016,
                214240,
                214240,
                0.0,
                0.0,
                1608255964.728786,
                13085732739982
            ],
            "sub": [
                {
                    "stat": [
                        "doParsingAndDesignResolution",
                        "entry",
                        0.12860512733459473,
                        0.024,
                        0.016,
                        253604,
                        254404,
                        0.0,
                        0.0,
                        1608255964.84359,
                        13086055085085
                    ],
                    "sub": []
                },
                {
                    "stat": [
                        "doParsingAndDesignResolution",
                        "exit",
                        0.1320040225982666,
                        0.024,
                        0.02,
                        254396,
                        255044,
                        0.0,
                        0.0,
                        1608255964.8469889,
                        13086064644493
                    ],
                    "sub": []
                },
                {
                    "stat": [
                        "doPostDesignResolutionToVir2Vcs",
                        "entry",
                        0.13260602951049805,
                        0.024,
                        0.02,
                        254528,
                        255044,
                        0.0,
                        0.0,
                        1608255964.8475909,
                        13086066319548
                    ],
                    "sub": [
                        {
                            "stat": [
                                "doUptoVir2VcsNoSepCleanup",
                                "entry",
                                0.13466811180114746,
                                0.028000000000000001,
                                0.02,
                                255656,
                                255660,
                                0.0,
                                0.0,
                                1608255964.849653,
                                13086072094888
                            ],
                            "sub": []
                        },
                        {
                            "stat": [
                                "doUptoVir2VcsNoSepCleanup",
                                "exit",
                                0.14772319793701172,
                                0.035999999999999997,
                                0.024,
                                257240,
                                269596,
                                0.0,
                                0.0,
                                1608255964.8627081,
                                13086108807597
                            ],
                            "sub": []
                        },
                        {
                            "stat": [
                                "doRadify_vir2vcsAll",
                                "entry",
                                0.14778017997741699,
                                0.035999999999999997,
                                0.024,
                                257240,
                                269596,
                                0.0,
                                0.0,
                                1608255964.8627651,
                                13086108897647
                            ],
                            "sub": []
                        },
                        {
                            "stat": [
                                "doRadify_vir2vcsAll",
                                "exit",
                                0.150238037109375,
                                0.040000000000000001,
                                0.024,
                                257432,
                                269596,
                                0.0,
                                0.0,
                                1608255964.8652229,
                                13086115847032
                            ],
                            "sub": []
                        }
                    ]
                },
                {
                    "stat": [
                        "doPostDesignResolutionToVir2Vcs",
                        "exit",
                        0.15027022361755371,
                        0.040000000000000001,
                        0.024,
                        257432,
                        269596,
                        0.0,
                        0.0,
                        1608255964.8652551,
                        13086115884046
                    ],
                    "sub": []
                },
                {
                    "stat": [
                        "doGAToPass2",
                        "entry",
                        0.15028905868530273,
                        0.040000000000000001,
                        0.024,
                        257432,
                        269596,
                        0.0,
                        0.0,
                        1608255964.865274,
                        13086115932627
                    ],