{
    "cycles_program_begin": 8604355184890,
    "stat": {
        "realTime": 0.22809886932373047,
        "ru_self_cgstart": {
            "ru_majflt": 0,
            "ru_utime_sec": 0.075999999999999998,
            "ru_stime_sec": 0.035999999999999997,
            "ru_nivcsw": 4,
            "ru_maxrss_kb": 107936,
            "ru_minflt": 6918,
            "ru_nvcsw": 22
        },
        "ru_childs_cgstart": {
            "ru_majflt": 0,
            "ru_utime_sec": 0.0040000000000000001,
            "ru_stime_sec": 0.0,
            "ru_nivcsw": 6,
            "ru_maxrss_kb": 24488,
            "ru_minflt": 3792,
            "ru_nvcsw": 18
        },
        "cpu_cycles_cgstart": 8604829054848,
        "mop/quad": 2.3394819466248036,
        "ru_childs_end": {
            "ru_majflt": 0,
            "ru_utime_sec": 0.0040000000000000001,
            "ru_stime_sec": 0.0,
            "ru_nivcsw": 8,
            "ru_maxrss_kb": 24892,
            "ru_minflt": 3994,
            "ru_nvcsw": 19
        },
        "nMops": 5961,
        "quadSpeed": 79625.0,
        "Frontend(%)": 71.428571428571431,
        "nQuads": 2548,
        "ru_self_end": {
            "ru_majflt": 0,
            "ru_utime_sec": 0.108,
            "ru_stime_sec": 0.048000000000000001,
            "ru_nivcsw": 6,
            "ru_maxrss_kb": 119612,
            "ru_minflt": 9449,
            "ru_nvcsw": 23
        },
        "totalObjSize": 161984,
        "cpu_cycles_end": 8604957254819,
        "cpu_cycles_total": 602069929,
        "mopSpeed": 186281.25,
        "outputSizePerQuad": 63.57299843014129,
        "CodeGen(%)": 28.571428571428573,
        "peak_mem_kb": 269768
    },
    "CompileProcesses": [
        "cgproc.6905.json"
    ],
    "CurCompileUdps": {},
    "MlibObjs": {},
    "perf": [
        {
            "stat": [
                "main",
                "entry",
                0.013704061508178711,
                0.035999999999999997,
                0.032000000000000001,
                214240,
                214240,
                0.0,
                0.0,
                1608426789.9148381,
                8604355358489
            ],
            "sub": [
                {
                    "stat": [
                        "doParsingAndDesignResolution",
                        "entry",
                        0.13131499290466309,
                        0.043999999999999997,
                        0.032000000000000001,
                        253604,
                        254404,
                        0.0,
                        0.0,
                        1608426790.032449,
                        8604685590213
                    ],
                    "sub": []
                },
                {
                    "stat": [
                        "doParsingAndDesignResolution",
                        "exit",
                        0.13606691360473633,
                        0.051999999999999998,
                        0.032000000000000001,
                        254492,
                        255140,
                        0.0,
                        0.0,
                        1608426790.0372009,
                        8604698952615
                    ],
                    "sub": []
                },
                {
                    "stat": [
                        "doPostDesignResolutionToVir2Vcs",
                        "entry",
                        0.1366729736328125,
                        0.051999999999999998,
                        0.032000000000000001,
                        254628,
                        255140,
                        0.0,
                        0.0,
                        1608426790.037807,
                        8604700623646
                    ],
                    "sub": [
                        {
                            "stat": [
                                "doUptoVir2VcsNoSepCleanup",
                                "entry",
                                0.13968706130981445,
                                0.051999999999999998,
                                0.032000000000000001,
                                255752,
                                255756,
                                0.0,
                                0.0,
                                1608426790.0408211,
                                8604709104984
                            ],
                            "sub": []
                        },
                        {
                            "stat": [
                                "doUptoVir2VcsNoSepCleanup",
                                "exit",
                                0.16150808334350586,
                                0.071999999999999995,
                                0.035999999999999997,
                                257412,
                                269768,
                                0.0,
                                0.0,
                                1608426790.0626421,
                                8604770415588
                            ],
                            "sub": []
                        },
                        {
                            "stat": [
                                "doRadify_vir2vcsAll",
                                "entry",
                                0.16156387329101562,
                                0.071999999999999995,
                                0.035999999999999997,
                                257412,
                                269768,
                                0.0,
                                0.0,
                                1608426790.0626979,
                                8604770492854
                            ],
                            "sub": []
                        },
                        {
                            "stat": [
                                "doRadify_vir2vcsAll",
                                "exit",
                                0.16482210159301758,
                                0.075999999999999998,
                                0.035999999999999997,
                                257552,
                                269768,
                                0.0,
                                0.0,
                                1608426790.0659561,
                                8604779707040
                            ],
                            "sub": []
                        }
                    ]
                },
                {
                    "stat": [
                        "doPostDesignResolutionToVir2Vcs",
                        "exit",
                        0.16486001014709473,
                        0.075999999999999998,
                        0.035999999999999997,
                        257552,
                        269768,
                        0.0,
                        0.0,
                        1608426790.065994,
                        8604779746223
                    ],
                    "sub": []
                },
                {
                    "stat": [
                        "doGAToPass2",
                        "entry",
                        0.1648719310760498,
                        0.075999999999999998,
                        0.035999999999999997,
                        257552,
                        269768,
                        0.0,
                        0.0,
                        1608426790.0660059,
                        8604779773171
                    ],