{
    "Modules": {
        "...MASTER...": {
            "nQuads": 0,
            "start_perf": [
                0.20762014389038086,
                0.051999999999999998,
                0.043999999999999997,
                256280,
                269912,
                1608453682.126018,
                84117874168993
            ],
            "end_perf": [
                0.21191716194152832,
                0.051999999999999998,
                0.043999999999999997,
                259176,
                269912,
                84117886326441,
                0,
                0
            ],
            "child_modules": {
                "tb_senter_receiver": 1
            },
            "nMops": 0,
            "nRouts": 5
        },
        "tb_senter_receiver": {
            "nQuads": 5261,
            "start_perf": [
                0.21201610565185547,
                0.051999999999999998,
                0.043999999999999997,
                259176,
                269912,
                1608453682.130414,
                84117886515481
            ],
            "end_perf": [
                0.2773749828338623,
                0.108,
                0.056000000000000001,
                268604,
                269912,
                84118070076426,
                8589934593,
                0
            ],
            "child_modules": {},
            "Compiled": "Yes",
            "Compiled Times": 1,
            "nMops": 15138,
            "significant_routs": [
                [
                    26,
                    "R_VCSgd_kcSwM_1a",
                    8853249,
                    9680,
                    2058
                ],
                [
                    29,
                    "R_VCSgd_kcSwM_1d",
                    3758364,
                    3779,
                    784
                ],
                [
                    83,
                    "R_VCSgd_kcSwM_53",
                    4552722,
                    4335,
                    883
                ],
                [
                    179,
                    "R_VCSgd_kcSwM_b3",
                    5720251,
                    5719,
                    1151
                ],
                [
                    248,
                    "R_VCSgd_kcSwM_f8",
                    3874157,
                    3408,
                    609
                ],
                [
                    283,
                    "R_VCSgd_kcSwM_11b",
                    3604532,
                    2705,
                    914
                ]
            ],
            "nRouts": 476
        }
    },
    "stat": {
        "ru_childs_end": {
            "ru_nivcsw": 7,
            "ru_stime_sec": 0.0,
            "ru_utime_sec": 0.0080000000000000002,
            "ru_maxrss_kb": 25040,
            "ru_nvcsw": 18,
            "ru_minflt": 3991,
            "ru_majflt": 0
        },
        "ru_self_end": {
            "ru_nivcsw": 21,
            "ru_stime_sec": 0.056000000000000001,
            "ru_utime_sec": 0.108,
            "ru_maxrss_kb": 122912,
            "ru_nvcsw": 22,
            "ru_minflt": 10506,
            "ru_majflt": 0
        },
        "cpu_cycles_end": 84118078652693,
        "peak_mem_kb": 269912
    },
    "ObjArchives": [
        {
            "size": 233470,
            "archive": "archive.16/_28155_archive_1.a",
            "objects": [
                [
                    "kcSwM_d.o",
                    134764
                ],
                [
                    "amcQwB.o",
                    98706
                ]
            ]
        }
    ],
    "CompUnits": {
        "amcQw_d": {
            "checksum": 0,
            "mod": "...MASTER...",
            "out": "objs/amcQw_d.o",
            "bytes": 7478,
            "text": 402,
            "mode": 4
        },
        "kcSwM_d": {
            "checksum": 0,
            "mod": "tb_senter_receiver",
            "out": "kcSwM_d.o",
            "bytes": 134764,
            "text": 86291,
            "mode": 4,
            "archive": "archive.16/_28155_archive_1.a"
        }
    },
    "reusePaths": {}
}